order,q,a
1,VAT ‡∏Ñ‡∏∑‡∏≠‡∏≠‡∏∞‡πÑ‡∏£ ? ‡∏¢‡∏≠‡∏î‡∏Ç‡∏≤‡∏¢‡πÄ‡∏ó‡πà‡∏≤‡πÑ‡∏´‡∏£‡πà‡∏ñ‡∏∂‡∏á‡∏ï‡πâ‡∏≠‡∏á‡∏à‡∏î VAT ?,"‡∏ö‡∏∏‡∏Ñ‡∏Ñ‡∏•‡∏ò‡∏£‡∏£‡∏°‡∏î‡∏≤ ‡∏´‡∏£‡∏∑‡∏≠ ‡∏ô‡∏¥‡∏ï‡∏¥‡∏ö‡∏∏‡∏Ñ‡∏Ñ‡∏•‡∏ï‡πâ‡∏≠‡∏á‡∏à‡∏î VAT ‡πÄ‡∏°‡∏∑‡πà‡∏≠‡∏°‡∏µ‡∏£‡∏≤‡∏¢‡πÑ‡∏î‡πâ‡∏à‡∏≤‡∏Å‡∏Å‡∏≤‡∏£‡∏Ç‡∏≤‡∏¢‡∏™‡∏¥‡∏ô‡∏Ñ‡πâ‡∏≤‡∏´‡∏£‡∏∑‡∏≠‡∏ö‡∏£‡∏¥‡∏Å‡∏≤‡∏£‡πÄ‡∏Å‡∏¥‡∏ô 1.8 ‡∏•‡πâ‡∏≤‡∏ô‡∏ö‡∏≤‡∏ó/‡∏õ‡∏µ

‚óè VAT ‡∏ó‡∏µ‡πà‡∏ï‡πâ‡∏≠‡∏á‡∏à‡πà‡∏≤‡∏¢ = 7% ‡∏Ç‡∏≠‡∏á‡∏¢‡∏≠‡∏î‡∏Ç‡∏≤‡∏¢

‚óè ‡∏ï‡∏±‡∏ß‡∏≠‡∏¢‡πà‡∏≤‡∏á: ‡∏Ç‡∏≤‡∏¢‡∏Ç‡∏≠‡∏á‡πÑ‡∏î‡πâ 100 ‡∏ö‡∏≤‡∏ó ‡∏ï‡πâ‡∏≠‡∏á‡πÄ‡∏™‡∏µ‡∏¢ VAT = 100 √ó 7% = 7 ‡∏ö‡∏≤‡∏ó

‚ö†Ô∏è ‡∏´‡∏≤‡∏Å‡∏¢‡∏≠‡∏î‡∏Ç‡∏≤‡∏¢‡∏ñ‡∏∂‡∏á‡πÅ‡∏•‡πâ‡∏ß ‡∏≠‡∏¢‡πà‡∏≤‡∏•‡∏∑‡∏°‡∏¢‡∏∑‡πà‡∏ô‡∏†‡∏≤‡∏©‡∏µ‡∏Å‡πà‡∏≠‡∏ô‡∏ß‡∏±‡∏ô‡∏ó‡∏µ‡πà 15 ‡∏Ç‡∏≠‡∏á‡∏ó‡∏∏‡∏Å‡πÄ‡∏î‡∏∑‡∏≠‡∏ô ‡πÄ‡∏û‡∏∑‡πà‡∏≠‡πÄ‡∏•‡∏µ‡πà‡∏¢‡∏á‡∏Ñ‡πà‡∏≤‡∏õ‡∏£‡∏±‡∏ö!"
2,‡∏ñ‡πâ‡∏≤‡∏Ç‡∏≤‡∏¢‡∏Ç‡∏≠‡∏á‡πÉ‡∏ô‡∏ô‡∏≤‡∏°‡∏ö‡∏∏‡∏Ñ‡∏Ñ‡∏•‡∏ò‡∏£‡∏£‡∏°‡∏î‡∏≤ ‡πÑ‡∏°‡πà‡πÑ‡∏î‡πâ‡∏Ç‡∏≤‡∏¢‡πÉ‡∏ô‡∏ô‡∏≤‡∏°‡∏ô‡∏¥‡∏ï‡∏¥‡∏ö‡∏∏‡∏Ñ‡∏Ñ‡∏• ‡∏à‡∏∞‡∏ï‡πâ‡∏≠‡∏á‡∏¢‡∏∑‡πà‡∏ô VAT ‡∏´‡∏£‡∏∑‡∏≠‡πÑ‡∏°‡πà ?,‡πÑ‡∏°‡πà‡∏ß‡πà‡∏≤‡∏à‡∏∞‡∏Ç‡∏≤‡∏¢‡∏Ç‡∏≠‡∏á‡πÉ‡∏ô‡∏ô‡∏≤‡∏°‡∏ö‡∏∏‡∏Ñ‡∏Ñ‡∏•‡∏ò‡∏£‡∏£‡∏°‡∏î‡∏≤‡∏´‡∏£‡∏∑‡∏≠‡∏ô‡∏¥‡∏ï‡∏¥‡∏ö‡∏∏‡∏Ñ‡∏Ñ‡∏• ‡∏ñ‡πâ‡∏≤‡∏¢‡∏≠‡∏î‡∏Ç‡∏≤‡∏¢‡∏ñ‡∏∂‡∏á 1.8 ‡∏•‡πâ‡∏≤‡∏ô‡∏ö‡∏≤‡∏ó ‡∏ï‡πâ‡∏≠‡∏á‡∏ó‡∏≥‡∏Å‡∏≤‡∏£‡∏à‡∏î VAT ‡πÅ‡∏•‡∏∞‡∏¢‡∏∑‡πà‡∏ô VAT ‡∏ó‡∏∏‡∏Å‡πÄ‡∏î‡∏∑‡∏≠‡∏ô
3,‡∏´‡∏•‡∏±‡∏á‡∏à‡∏≤‡∏Å‡∏à‡∏î VAT ‡πÅ‡∏•‡πâ‡∏ß ‡πÉ‡∏ô‡∏ó‡∏∏‡∏Å ‡πÜ ‡πÄ‡∏î‡∏∑‡∏≠‡∏ô‡∏ï‡πâ‡∏≠‡∏á‡∏ó‡∏≥‡∏≠‡∏∞‡πÑ‡∏£‡∏ö‡πâ‡∏≤‡∏á ?,"1. ‡∏à‡∏î‡∏ó‡∏∞‡πÄ‡∏ö‡∏µ‡∏¢‡∏ô‡∏†‡∏≤‡∏©‡∏µ‡∏°‡∏π‡∏•‡∏Ñ‡πà‡∏≤‡πÄ‡∏û‡∏¥‡πà‡∏° (‡∏†.‡∏û. 01) ‡∏ó‡∏µ‡πà‡∏™‡∏≥‡∏ô‡∏±‡∏Å‡∏á‡∏≤‡∏ô‡∏™‡∏£‡∏£‡∏û‡∏≤‡∏Å‡∏£
2. ‡∏≠‡∏≠‡∏Å‡πÉ‡∏ö‡∏Å‡∏≥‡∏Å‡∏±‡∏ö‡∏†‡∏≤‡∏©‡∏µ ‡πÉ‡∏´‡πâ‡∏•‡∏π‡∏Å‡∏Ñ‡πâ‡∏≤
3. ‡πÄ‡∏Å‡πá‡∏ö‡πÉ‡∏ö‡∏Å‡∏≥‡∏Å‡∏±‡∏ö‡∏†‡∏≤‡∏©‡∏µ‡∏ã‡∏∑‡πâ‡∏≠ ‡πÄ‡∏û‡∏∑‡πà‡∏≠‡∏ô‡∏≥ VAT ‡∏à‡∏≤‡∏Å‡∏Ñ‡πà‡∏≤‡πÉ‡∏ä‡πâ‡∏à‡πà‡∏≤‡∏¢‡∏°‡∏≤‡∏´‡∏±‡∏Å‡∏≠‡∏≠‡∏Å
4. ‡∏¢‡∏∑‡πà‡∏ô‡πÅ‡∏ö‡∏ö‡∏†‡∏≤‡∏©‡∏µ VAT (‡∏†.‡∏û. 30) ‡∏ó‡∏∏‡∏Å‡πÄ‡∏î‡∏∑‡∏≠‡∏ô ‡∏†‡∏≤‡∏¢‡πÉ‡∏ô‡∏ß‡∏±‡∏ô‡∏ó‡∏µ‡πà 15 ‡∏Ç‡∏≠‡∏á‡πÄ‡∏î‡∏∑‡∏≠‡∏ô‡∏ñ‡∏±‡∏î‡πÑ‡∏õ (‡∏ß‡∏±‡∏ô‡∏ó‡∏µ‡πà 23 ‡∏Å‡∏£‡∏ì‡∏µ‡∏¢‡∏∑‡πà‡∏ô‡∏ú‡πà‡∏≤‡∏ô‡∏£‡∏∞‡∏ö‡∏ö‡∏≠‡∏≠‡∏ô‡πÑ‡∏•‡∏ô‡πå)"
4,‡∏ñ‡πâ‡∏≤‡∏¢‡∏≠‡∏î‡∏Ç‡∏≤‡∏¢‡∏ñ‡∏∂‡∏á 1.8 ‡∏•‡πâ‡∏≤‡∏ô‡∏ö‡∏≤‡∏ó ‡∏ï‡πâ‡∏≠‡∏á‡∏à‡∏î VAT ‡πÄ‡∏°‡∏∑‡πà‡∏≠‡πÑ‡∏´‡∏£‡πà ?,"‡∏Å‡∏é‡∏´‡∏°‡∏≤‡∏¢‡∏Å‡∏≥‡∏´‡∏ô‡∏î‡∏ß‡πà‡∏≤ ‡∏ï‡πâ‡∏≠‡∏á‡∏à‡∏î VAT ‡∏†‡∏≤‡∏¢‡πÉ‡∏ô 30 ‡∏ß‡∏±‡∏ô‡∏´‡∏•‡∏±‡∏á‡∏à‡∏≤‡∏Å‡∏ß‡∏±‡∏ô‡∏ó‡∏µ‡πà‡∏¢‡∏≠‡∏î‡∏Ç‡∏≤‡∏¢‡∏£‡∏ß‡∏°‡∏ï‡∏±‡πâ‡∏á‡πÅ‡∏ï‡πà‡∏ï‡πâ‡∏ô‡∏õ‡∏µ‡∏ñ‡∏∂‡∏á 1.8 ‡∏•‡πâ‡∏≤‡∏ô‡∏ö‡∏≤‡∏ó "
5,‡∏ñ‡πâ‡∏≤‡∏õ‡∏µ‡∏ó‡∏µ‡πà‡πÅ‡∏•‡πâ‡∏ß‡∏¢‡∏≠‡∏î‡∏Ç‡∏≤‡∏¢‡πÑ‡∏°‡πà‡∏ñ‡∏∂‡∏á 1.8 ‡∏•‡πâ‡∏≤‡∏ô‡∏ö‡∏≤‡∏ó ‡∏õ‡∏µ‡∏ô‡∏µ‡πâ‡πÄ‡∏£‡∏¥‡πà‡∏°‡∏ô‡∏±‡∏ö‡πÉ‡∏´‡∏°‡πà‡∏´‡∏£‡∏∑‡∏≠‡∏ö‡∏ß‡∏Å‡πÄ‡∏û‡∏¥‡πà‡∏°‡∏à‡∏≤‡∏Å‡∏Ñ‡πà‡∏≤‡∏õ‡∏µ‡∏ó‡∏µ‡πà‡πÅ‡∏•‡πâ‡∏ß ?,"‡∏ñ‡πâ‡∏≤‡∏õ‡∏µ‡∏ó‡∏µ‡πà‡πÅ‡∏•‡πâ‡∏ß‡∏¢‡∏≠‡∏î‡∏Ç‡∏≤‡∏¢‡πÑ‡∏°‡πà‡∏ñ‡∏∂‡∏á 1.8 ‡∏•‡πâ‡∏≤‡∏ô‡∏ö‡∏≤‡∏ó ‡∏õ‡∏µ‡∏ô‡∏µ‡πâ‡πÄ‡∏£‡∏¥‡πà‡∏°‡∏ô‡∏±‡∏ö‡πÉ‡∏´‡∏°‡πà ‡πÑ‡∏°‡πà‡∏ï‡πâ‡∏≠‡∏á‡∏ö‡∏ß‡∏Å‡∏Å‡∏±‡∏ö‡∏¢‡∏≠‡∏î‡∏Ç‡∏≤‡∏¢‡∏Ç‡∏≠‡∏á‡∏õ‡∏µ‡∏ó‡∏µ‡πà‡πÅ‡∏•‡πâ‡∏ß

‚óè ‡∏Å‡∏≤‡∏£‡∏Ñ‡∏≥‡∏ô‡∏ß‡∏ì‡∏¢‡∏≠‡∏î‡∏Ç‡∏≤‡∏¢‡πÄ‡∏û‡∏∑‡πà‡∏≠‡∏à‡∏î VAT ‡∏à‡∏∞‡∏£‡∏µ‡πÄ‡∏ã‡πá‡∏ï‡∏ó‡∏∏‡∏Å‡∏õ‡∏µ (‡∏°.‡∏Ñ. - ‡∏ò.‡∏Ñ.)

‚óè ‡∏ñ‡πâ‡∏≤‡∏¢‡∏≠‡∏î‡∏Ç‡∏≤‡∏¢‡∏™‡∏∞‡∏™‡∏° ‡∏õ‡∏µ‡∏ô‡∏µ‡πâ ‡∏ñ‡∏∂‡∏á 1.8 ‡∏•‡πâ‡∏≤‡∏ô‡∏ö‡∏≤‡∏ó‡πÄ‡∏°‡∏∑‡πà‡∏≠‡πÑ‡∏´‡∏£‡πà‡∏ï‡πâ‡∏≠‡∏á‡∏à‡∏î VAT ‡∏†‡∏≤‡∏¢‡πÉ‡∏ô 30 ‡∏ß‡∏±‡∏ô

‚ö†Ô∏è ‡∏ô‡∏±‡∏ö‡πÄ‡∏â‡∏û‡∏≤‡∏∞‡∏¢‡∏≠‡∏î‡∏Ç‡∏≤‡∏¢‡∏Ç‡∏≠‡∏á‡∏õ‡∏µ‡∏õ‡∏±‡∏à‡∏à‡∏∏‡∏ö‡∏±‡∏ô‡πÄ‡∏ó‡πà‡∏≤‡∏ô‡∏±‡πâ‡∏ô!"
6,‡∏ñ‡πâ‡∏≤‡∏¢‡∏≠‡∏î‡∏õ‡∏µ‡∏ó‡∏µ‡πà‡πÅ‡∏•‡πâ‡∏ß‡∏ñ‡∏∂‡∏á 1.8 ‡∏•‡πâ‡∏≤‡∏ô‡∏ö‡∏≤‡∏ó ‡∏û‡∏≠‡πÄ‡∏£‡∏¥‡πà‡∏°‡∏õ‡∏µ‡πÉ‡∏´‡∏°‡πà‡∏à‡∏∞‡πÄ‡∏£‡∏¥‡πà‡∏°‡∏ô‡∏±‡∏ö‡πÉ‡∏´‡∏°‡πà‡∏´‡∏£‡∏∑‡∏≠‡πÑ‡∏°‡πà ?,"‡∏ñ‡πâ‡∏≤‡∏õ‡∏µ‡∏ó‡∏µ‡πà‡πÅ‡∏•‡πâ‡∏ß‡∏¢‡∏≠‡∏î‡∏Ç‡∏≤‡∏¢‡∏ñ‡∏∂‡∏á 1.8 ‡∏•‡πâ‡∏≤‡∏ô‡∏ö‡∏≤‡∏ó‡∏à‡∏∞‡∏¢‡∏±‡∏á‡∏Ñ‡∏á‡∏ï‡πâ‡∏≠‡∏á ‡∏¢‡∏∑‡πà‡∏ô VAT ‡∏ó‡∏∏‡∏Å‡πÄ‡∏î‡∏∑‡∏≠‡∏ô

‚óè ‡∏ñ‡πâ‡∏≤‡∏õ‡∏µ‡∏ó‡∏µ‡πà‡πÅ‡∏•‡πâ‡∏ß‡∏à‡∏î VAT ‡πÅ‡∏•‡πâ‡∏ß ‚Üí ‡∏õ‡∏µ‡∏ô‡∏µ‡πâ ‡∏ï‡πâ‡∏≠‡∏á‡∏¢‡∏∑‡πà‡∏ô‡∏ï‡πà‡∏≠‡πÄ‡∏ô‡∏∑‡πà‡∏≠‡∏á ‡πÅ‡∏°‡πâ‡∏ß‡πà‡∏≤‡∏¢‡∏≠‡∏î‡∏Ç‡∏≤‡∏¢‡∏à‡∏∞‡∏•‡∏î‡∏•‡∏á

‚óè ‡∏à‡∏î VAT ‡πÅ‡∏•‡πâ‡∏ß ‡πÑ‡∏°‡πà‡∏™‡∏≤‡∏°‡∏≤‡∏£‡∏ñ‡∏¢‡∏Å‡πÄ‡∏•‡∏¥‡∏Å‡πÄ‡∏≠‡∏á‡πÑ‡∏î‡πâ ‡∏ï‡πâ‡∏≠‡∏á‡πÄ‡∏Ç‡πâ‡∏≤‡∏´‡∏•‡∏±‡∏Å‡πÄ‡∏Å‡∏ì‡∏ë‡πå‡∏Å‡∏≤‡∏£ ‡∏Ç‡∏≠‡∏≠‡∏≠‡∏Å‡∏à‡∏≤‡∏Å‡∏£‡∏∞‡∏ö‡∏ö VAT ‡πÄ‡∏ó‡πà‡∏≤‡∏ô‡∏±‡πâ‡∏ô

‚ö†Ô∏è ‡∏™‡∏£‡∏∏‡∏õ: ‡∏ñ‡πâ‡∏≤‡∏õ‡∏µ‡∏ó‡∏µ‡πà‡πÅ‡∏•‡πâ‡∏ß‡∏ñ‡∏∂‡∏á 1.8 ‡∏•‡πâ‡∏≤‡∏ô‡∏ö‡∏≤‡∏ó‡πÅ‡∏•‡∏∞‡∏à‡∏î VAT ‡πÑ‡∏õ‡πÅ‡∏•‡πâ‡∏ß ‡∏õ‡∏µ‡πÉ‡∏´‡∏°‡πà‡∏ï‡πâ‡∏≠‡∏á‡∏¢‡∏∑‡πà‡∏ô‡∏ï‡πà‡∏≠ ‡πÑ‡∏°‡πà‡πÄ‡∏£‡∏¥‡πà‡∏°‡∏ô‡∏±‡∏ö‡πÉ‡∏´‡∏°‡πà "
7,‡∏¢‡∏∑‡πà‡∏ô‡∏†‡∏≤‡∏©‡∏µ‡∏ó‡∏∏‡∏Å‡∏™‡∏¥‡πâ‡∏ô‡∏õ‡∏µ‡∏≠‡∏¢‡∏π‡πà‡πÅ‡∏•‡πâ‡∏ß ‡∏¢‡∏±‡∏á‡∏à‡∏≥‡πÄ‡∏õ‡πá‡∏ô‡∏ï‡πâ‡∏≠‡∏á‡∏à‡∏î VAT ‡∏´‡∏£‡∏∑‡∏≠‡πÑ‡∏°‡πà ?,"‡∏†‡∏≤‡∏©‡∏µ‡∏ó‡∏µ‡πà‡∏à‡πà‡∏≤‡∏¢‡∏ï‡∏≠‡∏ô‡∏™‡∏¥‡πâ‡∏ô‡∏õ‡∏µ ‡πÅ‡∏•‡∏∞‡∏†‡∏≤‡∏©‡∏µ‡∏°‡∏π‡∏•‡∏Ñ‡πà‡∏≤‡πÄ‡∏û‡∏¥‡πà‡∏° ‡πÄ‡∏õ‡πá‡∏ô‡∏†‡∏≤‡∏©‡∏µ‡∏Ñ‡∏ô‡∏•‡∏∞‡∏ï‡∏±‡∏ß‡∏Å‡∏±‡∏ô ‡πÅ‡∏°‡πâ‡∏ß‡πà‡∏≤‡∏à‡∏∞‡∏¢‡∏∑‡πà‡∏ô‡∏†‡∏≤‡∏©‡∏µ‡∏ó‡∏∏‡∏Å‡∏™‡∏¥‡πâ‡∏ô‡∏õ‡∏µ‡∏≠‡∏¢‡∏π‡πà‡πÅ‡∏•‡πâ‡∏ß ‡πÅ‡∏ï‡πà‡∏¢‡∏±‡∏á‡∏à‡∏≥‡πÄ‡∏õ‡πá‡∏ô‡∏ï‡πâ‡∏≠‡∏á‡∏à‡∏î VAT ‡∏ñ‡πâ‡∏≤‡∏¢‡∏≠‡∏î‡∏Ç‡∏≤‡∏¢‡∏ñ‡∏∂‡∏á 1.8 ‡∏•‡πâ‡∏≤‡∏ô‡∏ö‡∏≤‡∏ó/‡∏õ‡∏µ 

‚óè ‡∏†‡∏≤‡∏©‡∏µ‡∏™‡∏¥‡πâ‡∏ô‡∏õ‡∏µ (‡∏†.‡∏á.‡∏î.) ‡πÄ‡∏õ‡πá‡∏ô‡∏†‡∏≤‡∏©‡∏µ‡πÄ‡∏á‡∏¥‡∏ô‡πÑ‡∏î‡πâ ‡∏Ñ‡∏¥‡∏î‡∏à‡∏≤‡∏Å‡∏¢‡∏≠‡∏î‡∏Ç‡∏≤‡∏¢‡∏£‡∏ß‡∏° (‡∏Å‡∏£‡∏ì‡∏µ‡∏ö‡∏∏‡∏Ñ‡∏Ñ‡∏•‡∏ò‡∏£‡∏£‡∏°‡∏î‡∏≤) ‡∏´‡∏£‡∏∑‡∏≠‡∏Å‡∏≥‡πÑ‡∏£‡∏™‡∏∏‡∏ó‡∏ò‡∏¥ (‡∏Å‡∏£‡∏ì‡∏µ‡∏ô‡∏¥‡∏ï‡∏¥‡∏ö‡∏∏‡∏Ñ‡∏Ñ‡∏•)

‚óè VAT (‡∏†.‡∏û. 30) ‡πÄ‡∏õ‡πá‡∏ô‡∏†‡∏≤‡∏©‡∏µ‡∏°‡∏π‡∏•‡∏Ñ‡πà‡∏≤‡πÄ‡∏û‡∏¥‡πà‡∏° ‡∏Ñ‡∏¥‡∏î‡∏à‡∏≤‡∏Å‡∏¢‡∏≠‡∏î‡∏Ç‡∏≤‡∏¢‡∏£‡∏ß‡∏°

‚ö†Ô∏è ‡∏™‡∏£‡∏∏‡∏õ: ‡∏Å‡∏≤‡∏£‡∏¢‡∏∑‡πà‡∏ô‡∏†‡∏≤‡∏©‡∏µ‡∏™‡∏¥‡πâ‡∏ô‡∏õ‡∏µ ‚â† ‡∏Å‡∏≤‡∏£‡∏à‡∏î VAT ‚Üí ‡∏ñ‡πâ‡∏≤‡∏¢‡∏≠‡∏î‡∏Ç‡∏≤‡∏¢‡πÄ‡∏Å‡∏¥‡∏ô 1.8 ‡∏•‡πâ‡∏≤‡∏ô‡∏ö‡∏≤‡∏ó ‡∏ï‡πâ‡∏≠‡∏á‡∏à‡∏î VAT ‡πÅ‡∏•‡∏∞‡∏¢‡∏∑‡πà‡∏ô ‡∏†.‡∏û. 30 ‡∏ó‡∏∏‡∏Å‡πÄ‡∏î‡∏∑‡∏≠‡∏ô"
8,‡∏ñ‡πâ‡∏≤‡∏¢‡∏≠‡∏î‡∏Ç‡∏≤‡∏¢‡∏ñ‡∏∂‡∏á 1.8 ‡∏•‡πâ‡∏≤‡∏ô‡∏ö‡∏≤‡∏ó ‡πÑ‡∏°‡πà‡∏¢‡∏∑‡πà‡∏ô VAT ‡∏à‡∏∞‡∏°‡∏µ‡πÇ‡∏ó‡∏©‡∏≠‡∏∞‡πÑ‡∏£‡∏´‡∏£‡∏∑‡∏≠‡πÑ‡∏°‡πà ?,"‡∏ñ‡πâ‡∏≤‡πÑ‡∏°‡πà‡∏à‡∏î VAT ‡∏ó‡∏±‡πâ‡∏á‡∏ó‡∏µ‡πà‡∏ñ‡∏∂‡∏á‡πÄ‡∏Å‡∏ì‡∏ë‡πå ‡∏≠‡∏≤‡∏à‡∏ñ‡∏π‡∏Å‡∏õ‡∏£‡∏±‡∏ö‡∏¢‡πâ‡∏≠‡∏ô‡∏´‡∏•‡∏±‡∏á

‡πÇ‡∏ó‡∏©‡∏à‡∏≤‡∏Å‡∏Å‡∏≤‡∏£‡πÑ‡∏°‡πà‡∏¢‡∏∑‡πà‡∏ô VAT ‡∏°‡∏µ 3 ‡∏£‡∏≤‡∏¢‡∏Å‡∏≤‡∏£‡∏´‡∏•‡∏±‡∏Å:
1. ‡∏à‡πà‡∏≤‡∏¢ VAT ‡∏¢‡πâ‡∏≠‡∏ô‡∏´‡∏•‡∏±‡∏á ‡∏ï‡∏≤‡∏°‡∏¢‡∏≠‡∏î‡∏Ç‡∏≤‡∏¢‡∏ó‡∏µ‡πà‡∏ï‡πâ‡∏≠‡∏á‡πÄ‡∏™‡∏µ‡∏¢‡∏†‡∏≤‡∏©‡∏µ
2. ‡πÄ‡∏ö‡∏µ‡πâ‡∏¢‡∏õ‡∏£‡∏±‡∏ö 2 ‡πÄ‡∏ó‡πà‡∏≤‡∏Ç‡∏≠‡∏á‡∏†‡∏≤‡∏©‡∏µ‡∏ó‡∏µ‡πà‡∏ï‡πâ‡∏≠‡∏á‡πÄ‡∏™‡∏µ‡∏¢
3. ‡∏î‡∏≠‡∏Å‡πÄ‡∏ö‡∏µ‡πâ‡∏¢ 1.5% ‡∏ï‡πà‡∏≠‡πÄ‡∏î‡∏∑‡∏≠‡∏ô ‡∏à‡∏ô‡∏Å‡∏ß‡πà‡∏≤‡∏à‡∏∞‡∏ä‡∏≥‡∏£‡∏∞

‚ö†Ô∏è ‡∏â‡∏ô‡∏±‡πâ‡∏ô ‡∏´‡∏≤‡∏Å‡∏¢‡∏≠‡∏î‡∏¢‡∏±‡∏á‡πÑ‡∏°‡πà‡∏ñ‡∏∂‡∏á‡πÄ‡∏Å‡∏ì‡∏ë‡πå‡∏ï‡πâ‡∏≠‡∏á‡∏à‡∏î VAT ‡∏Ñ‡∏ß‡∏£‡∏ó‡∏≥‡∏Å‡∏≤‡∏£‡∏ï‡∏£‡∏ß‡∏à‡πÄ‡∏ä‡πá‡∏Ñ‡∏≠‡∏¢‡πà‡∏≤‡∏á‡∏™‡∏°‡πà‡∏≥‡πÄ‡∏™‡∏°‡∏≠‡πÄ‡∏û‡∏£‡∏≤‡∏∞‡∏´‡∏≤‡∏Å‡πÄ‡∏£‡∏≤‡∏¢‡∏≠‡∏î 1.8 ‡∏•‡πâ‡∏≤‡∏ô‡∏ö‡∏≤‡∏ó‡πÅ‡∏•‡πâ‡∏ß ‡πÅ‡∏ï‡πà‡πÑ‡∏°‡πà‡πÑ‡∏î‡πâ‡∏à‡∏î VAT ‡∏à‡∏∞‡∏ï‡πâ‡∏≠‡∏á‡πÇ‡∏î‡∏ô‡∏õ‡∏£‡∏±‡∏ö‡πÄ‡∏û‡∏¥‡πà‡∏°‡∏ô‡∏∞‡∏Ñ‡∏£‡∏±‡∏ö"
9,‡∏ö‡∏∏‡∏Ñ‡∏Ñ‡∏•‡∏ò‡∏£‡∏£‡∏°‡∏î‡∏≤‡∏Å‡∏±‡∏ö ‡∏ô‡∏¥‡∏ï‡∏¥‡∏ö‡∏∏‡∏Ñ‡∏Ñ‡∏• ‡∏Ñ‡∏≥‡∏ô‡∏ß‡∏ì VAT ‡∏ï‡πà‡∏≤‡∏á‡∏Å‡∏±‡∏ô‡∏≠‡∏¢‡πà‡∏≤‡∏á‡πÑ‡∏£,‡∏ó‡∏±‡πâ‡∏á‡∏ö‡∏∏‡∏Ñ‡∏Ñ‡∏•‡∏ò‡∏£‡∏£‡∏°‡∏î‡∏≤‡πÅ‡∏•‡∏∞‡∏ô‡∏¥‡∏ï‡∏¥‡∏ö‡∏∏‡∏Ñ‡∏Ñ‡∏•‡∏°‡∏µ‡∏´‡∏•‡∏±‡∏Å‡∏Å‡∏≤‡∏£‡∏Å‡∏≤‡∏£‡∏Ñ‡∏≥‡∏ô‡∏ß‡∏ì‡∏†‡∏≤‡∏©‡∏µ‡∏°‡∏π‡∏•‡∏Ñ‡πà‡∏≤‡πÄ‡∏û‡∏¥‡πà‡∏°‡∏ó‡∏µ‡πà‡πÄ‡∏´‡∏°‡∏∑‡∏≠‡∏ô‡∏Å‡∏±‡∏ô‡∏Ñ‡∏£‡∏±‡∏ö
10,‡∏ß‡∏¥‡∏ò‡∏µ‡∏Å‡∏≤‡∏£‡∏Ñ‡∏≥‡∏ô‡∏ß‡∏ì VAT ‡∏ó‡∏µ‡πà‡∏ï‡πâ‡∏≠‡∏á‡∏à‡πà‡∏≤‡∏¢‡πÉ‡∏ô‡πÅ‡∏ï‡πà‡∏•‡∏∞‡πÄ‡∏î‡∏∑‡∏≠‡∏ô‡∏Ç‡∏≠‡∏á‡∏Ñ‡∏ô‡∏Ç‡∏≤‡∏¢‡∏Ç‡∏≠‡∏á‡πÉ‡∏ô Shopee Lazada ‡πÅ‡∏•‡∏∞ TikTok ‡∏Ñ‡∏¥‡∏î‡∏≠‡∏¢‡πà‡∏≤‡∏á‡πÑ‡∏£ ?,"üí° VAT¬†‡∏ó‡∏µ‡πà‡∏ï‡πâ‡∏≠‡∏á‡∏à‡πà‡∏≤‡∏¢ = VAT¬†‡∏à‡∏≤‡∏Å‡∏£‡∏≤‡∏¢‡∏£‡∏±‡∏ö ‚àí VAT¬†‡∏à‡∏≤‡∏Å‡∏£‡∏≤‡∏¢‡∏à‡πà‡∏≤‡∏¢

üìå ‡∏Å‡∏≤‡∏£‡∏Ñ‡∏≥‡∏ô‡∏ß‡∏ì VAT ‡∏à‡∏≤‡∏Å‡∏£‡∏≤‡∏¢‡∏£‡∏±‡∏ö

VAT ‡∏à‡∏≤‡∏Å‡∏£‡∏≤‡∏¢‡∏£‡∏±‡∏ö ‡∏Ñ‡∏∑‡∏≠ ‡∏†‡∏≤‡∏©‡∏µ‡∏ó‡∏µ‡πà‡∏ú‡∏π‡πâ‡∏Ç‡∏≤‡∏¢ ‡πÄ‡∏Å‡πá‡∏ö‡∏à‡∏≤‡∏Å‡∏•‡∏π‡∏Å‡∏Ñ‡πâ‡∏≤ ‡πÅ‡∏•‡πâ‡∏ß‡∏ï‡πâ‡∏≠‡∏á‡∏ô‡∏≥‡∏™‡πà‡∏á‡πÉ‡∏´‡πâ‡∏Å‡∏£‡∏°‡∏™‡∏£‡∏£‡∏û‡∏≤‡∏Å‡∏£

üí° ‡∏ï‡∏≤‡∏°‡∏Ç‡πâ‡∏≠‡∏ï‡∏Å‡∏•‡∏á‡∏Ç‡∏≠‡∏á‡πÅ‡∏ï‡πà‡∏•‡∏∞ E-commerce platform:

‡∏¢‡∏≠‡∏î‡∏Ç‡∏≤‡∏¢ ‡∏à‡∏≤‡∏Å Shopee ‡πÅ‡∏•‡∏∞ TikTok:  = (‡∏£‡∏≤‡∏Ñ‡∏≤‡∏™‡∏¥‡∏ô‡∏Ñ‡πâ‡∏≤ - ‡∏™‡πà‡∏ß‡∏ô‡∏•‡∏î‡∏à‡∏≤‡∏Å‡∏£‡πâ‡∏≤‡∏ô‡∏Ñ‡πâ‡∏≤) + ‡∏Ñ‡πà‡∏≤‡∏Ç‡∏ô‡∏™‡πà‡∏á‡∏ó‡∏µ‡πà‡∏•‡∏π‡∏Å‡∏Ñ‡πâ‡∏≤‡∏à‡πà‡∏≤‡∏¢

‡∏¢‡∏≠‡∏î‡∏Ç‡∏≤‡∏¢ ‡∏à‡∏≤‡∏Å Lazada = (‡∏£‡∏≤‡∏Ñ‡∏≤‡∏™‡∏¥‡∏ô‡∏Ñ‡πâ‡∏≤ - ‡∏™‡πà‡∏ß‡∏ô‡∏•‡∏î‡∏à‡∏≤‡∏Å‡∏£‡πâ‡∏≤‡∏ô‡∏Ñ‡πâ‡∏≤)  ‚Üí ‡∏Ñ‡πà‡∏≤‡∏Ç‡∏ô‡∏™‡πà‡∏á‡∏ó‡∏µ‡πà‡∏•‡∏π‡∏Å‡∏Ñ‡πâ‡∏≤‡∏à‡πà‡∏≤‡∏¢‡πÑ‡∏°‡πà‡∏£‡∏ß‡∏°‡πÉ‡∏ô‡∏£‡∏≤‡∏¢‡∏£‡∏±‡∏ö‡∏Ç‡∏≠‡∏á‡∏ú‡∏π‡πâ‡∏Ç‡∏≤‡∏¢

üìå ‡∏Å‡∏≤‡∏£‡∏Ñ‡∏≥‡∏ô‡∏ß‡∏ì VAT ‡∏à‡∏≤‡∏Å‡∏£‡∏≤‡∏¢‡∏à‡πà‡∏≤‡∏¢
VAT ‡∏à‡∏≤‡∏Å‡∏£‡∏≤‡∏¢‡∏à‡πà‡∏≤‡∏¢ ‡∏Ñ‡∏∑‡∏≠ ‡∏†‡∏≤‡∏©‡∏µ‡∏ó‡∏µ‡πà‡∏ú‡∏π‡πâ‡∏Ç‡∏≤‡∏¢‡∏à‡πà‡∏≤‡∏¢‡πÉ‡∏´‡πâ‡∏ã‡∏±‡∏û‡∏û‡∏•‡∏≤‡∏¢‡πÄ‡∏≠‡∏≠‡∏£‡πå ‡πÄ‡∏£‡∏≤‡∏™‡∏≤‡∏°‡∏≤‡∏£‡∏ñ‡∏ô‡∏≥‡∏°‡∏≤‡∏´‡∏±‡∏Å‡∏•‡∏ö‡∏≠‡∏≠‡∏Å‡∏à‡∏≤‡∏Å VAT ‡∏à‡∏≤‡∏Å‡∏£‡∏≤‡∏¢‡∏£‡∏±‡∏ö‡πÑ‡∏î‡πâ

VAT¬†‡∏à‡∏≤‡∏Å‡∏£‡∏≤‡∏¢‡∏à‡πà‡∏≤‡∏¢ = ‚àë (VAT¬†‡∏à‡∏≤‡∏Å‡∏Ñ‡πà‡∏≤‡πÉ‡∏ä‡πâ‡∏à‡πà‡∏≤‡∏¢‡∏ó‡∏µ‡πà‡∏°‡∏µ‡πÉ‡∏ö‡∏Å‡∏≥‡∏Å‡∏±‡∏ö‡∏†‡∏≤‡∏©‡∏µ)

üí° ‡∏Ñ‡πà‡∏≤‡πÉ‡∏ä‡πâ‡∏à‡πà‡∏≤‡∏¢‡∏ó‡∏µ‡πà‡∏™‡∏≤‡∏°‡∏≤‡∏£‡∏ñ‡πÉ‡∏ä‡πâ‡∏´‡∏±‡∏Å VAT ‡πÑ‡∏î‡πâ
‚óè ‡∏Ñ‡πà‡∏≤‡∏ò‡∏£‡∏£‡∏°‡πÄ‡∏ô‡∏µ‡∏¢‡∏° Shopee, Lazada, TikTok (VAT ‡∏£‡∏ß‡∏°‡∏≠‡∏¢‡∏π‡πà‡πÉ‡∏ô‡∏Ñ‡πà‡∏≤‡∏ò‡∏£‡∏£‡∏°‡πÄ‡∏ô‡∏µ‡∏¢‡∏°‡πÅ‡∏•‡πâ‡∏ß ‡πÇ‡∏î‡∏¢‡πÉ‡∏ö‡πÄ‡∏™‡∏£‡πá‡∏à‡∏Ñ‡πà‡∏≤‡∏ò‡∏£‡∏£‡∏°‡πÄ‡∏ô‡∏µ‡∏¢‡∏°‡∏ï‡πâ‡∏≠‡∏á‡∏≠‡∏≠‡∏Å‡πÄ‡∏õ‡πá‡∏ô‡∏ä‡∏∑‡πà‡∏≠‡πÄ‡∏î‡∏µ‡∏¢‡∏ß‡∏Å‡∏±‡∏ö‡∏ú‡∏π‡πâ‡∏ó‡∏µ‡πà‡∏¢‡∏∑‡πà‡∏ô‡∏à‡πà‡∏≤‡∏¢‡∏†‡∏≤‡∏©‡∏µ‡∏°‡∏π‡∏•‡∏Ñ‡πà‡∏≤‡πÄ‡∏û‡∏¥‡πà‡∏°)

‚óè ‡∏Ñ‡πà‡∏≤‡πÇ‡∏Ü‡∏©‡∏ì‡∏≤ (Shopee Ads, Lazada Ads)

‚óè ‡∏Ñ‡πà‡∏≤‡∏™‡∏¥‡∏ô‡∏Ñ‡πâ‡∏≤ (‡πÄ‡∏â‡∏û‡∏≤‡∏∞‡∏ó‡∏µ‡πà‡∏°‡∏µ‡πÉ‡∏ö‡∏Å‡∏≥‡∏Å‡∏±‡∏ö‡∏†‡∏≤‡∏©‡∏µ‡πÄ‡∏ï‡πá‡∏°‡∏£‡∏π‡∏õ‡πÅ‡∏ö‡∏ö)

‚óè ‡∏Ñ‡πà‡∏≤‡πÅ‡∏û‡πá‡∏Å‡πÄ‡∏Å‡∏à‡∏à‡∏¥‡πâ‡∏á (‡∏Å‡∏•‡πà‡∏≠‡∏á, ‡∏ã‡∏≠‡∏á‡πÑ‡∏õ‡∏£‡∏©‡∏ì‡∏µ‡∏¢‡πå)

üí° ‡∏Ñ‡∏≥‡∏ô‡∏ß‡∏ì VAT ‡∏ó‡∏µ‡πà‡∏ï‡πâ‡∏≠‡∏á‡∏à‡πà‡∏≤‡∏¢
VAT¬†‡∏ó‡∏µ‡πà‡∏ï‡πâ‡∏≠‡∏á‡∏à‡πà‡∏≤‡∏¢ = VAT¬†‡∏à‡∏≤‡∏Å‡∏£‡∏≤‡∏¢‡∏£‡∏±‡∏ö ‚àí VAT¬†‡∏à‡∏≤‡∏Å‡∏£‡∏≤‡∏¢‡∏à‡πà‡∏≤‡∏¢

üìå ‡∏ñ‡πâ‡∏≤ VAT ‡∏à‡∏≤‡∏Å‡∏£‡∏≤‡∏¢‡∏£‡∏±‡∏ö > VAT ‡∏à‡∏≤‡∏Å‡∏£‡∏≤‡∏¢‡∏à‡πà‡∏≤‡∏¢ ‚Üí ‡∏ï‡πâ‡∏≠‡∏á‡∏à‡πà‡∏≤‡∏¢‡∏™‡πà‡∏ß‡∏ô‡∏ï‡πà‡∏≤‡∏á‡πÉ‡∏´‡πâ‡∏Å‡∏£‡∏°‡∏™‡∏£‡∏£‡∏û‡∏≤‡∏Å‡∏£
üìå ‡∏ñ‡πâ‡∏≤ VAT ‡∏à‡∏≤‡∏Å‡∏£‡∏≤‡∏¢‡∏à‡πà‡∏≤‡∏¢ > VAT ‡∏à‡∏≤‡∏Å‡∏£‡∏≤‡∏¢‡∏£‡∏±‡∏ö ‚Üí ‡∏™‡∏≤‡∏°‡∏≤‡∏£‡∏ñ ‡∏Ç‡∏≠‡∏Ñ‡∏∑‡∏ô VAT ‡πÑ‡∏î‡πâ ‡∏´‡∏£‡∏∑‡∏≠ ‡∏ô‡∏≥‡πÑ‡∏õ‡∏´‡∏±‡∏Å‡πÉ‡∏ô‡∏£‡∏≠‡∏ö‡∏ñ‡∏±‡∏î‡πÑ‡∏õ"
11,‡∏ó‡∏≥‡πÑ‡∏°‡∏Ñ‡πà‡∏≤‡∏Ç‡∏ô‡∏™‡πà‡∏á‡∏ñ‡∏∂‡∏á‡∏Ñ‡∏¥‡∏î‡πÄ‡∏õ‡πá‡∏ô‡∏£‡∏≤‡∏¢‡πÑ‡∏î‡πâ‡∏Ç‡∏≠‡∏á‡∏ú‡∏π‡πâ‡∏Ç‡∏≤‡∏¢ ‡πÉ‡∏ô Shopee ‡πÅ‡∏•‡∏∞ TikTok ?,‡∏ï‡∏≤‡∏°‡∏Ç‡πâ‡∏≠‡∏Å‡∏≥‡∏´‡∏ô‡∏î‡∏Ç‡∏≠‡∏á Shopee ‡πÅ‡∏•‡∏∞ TikTok ‡∏Ñ‡πà‡∏≤‡∏Ç‡∏ô‡∏™‡πà‡∏á‡∏ó‡∏µ‡πà‡∏ú‡∏π‡πâ‡∏ã‡∏∑‡πâ‡∏≠‡∏à‡πà‡∏≤‡∏¢‡∏à‡∏∞‡∏ñ‡∏∑‡∏≠‡πÄ‡∏õ‡πá‡∏ô‡∏£‡∏≤‡∏¢‡πÑ‡∏î‡πâ‡∏Ç‡∏≠‡∏á‡∏ú‡∏π‡πâ‡∏Ç‡∏≤‡∏¢ ‡∏™‡πà‡∏ß‡∏ô‡∏Ñ‡πà‡∏≤‡∏Ç‡∏ô‡∏™‡πà‡∏á‡∏ó‡∏µ‡πà‡∏ú‡∏π‡πâ‡∏ã‡∏∑‡πâ‡∏≠‡∏à‡πà‡∏≤‡∏¢‡πÉ‡∏ô Lazada ‡∏à‡∏∞‡πÑ‡∏°‡πà‡∏ñ‡∏∑‡∏≠‡πÄ‡∏õ‡πá‡∏ô‡∏£‡∏≤‡∏¢‡πÑ‡∏î‡πâ‡∏Ç‡∏≠‡∏á‡∏ú‡∏π‡πâ‡∏Ç‡∏≤‡∏¢
